{"cameraMode":{"drawMode":0,"name":"Shaded","section":"Shading Mode"},"sceneLighting":true,"audioPlay":false,"sceneViewState":{"m_AlwaysRefresh":false,"showFog":true,"showSkybox":true,"showFlares":true,"showImageEffects":true,"showParticleSystems":true,"showVisualEffectGraphs":true,"m_FxEnabled":true},"in2DMode":false,"pivot":{"x":-67.03031158447266,"y":-28.497909545898439,"z":69.75684356689453},"rotation":{"x":0.12911057472229005,"y":-0.3419590890407562,"z":0.047468289732933047,"w":0.9295639395713806},"size":55.906044006347659,"orthographic":false}